/*
MySQL Data Transfer
Source Host: localhost
Source Database: cryptcloud
Target Host: localhost
Target Database: cryptcloud
Date: 10/2/2018 5:55:55 PM
*/

create database cryptcloud;

use cryptcloud;



SET FOREIGN_KEY_CHECKS=0;
-- ----------------------------
-- Table structure for attacker
-- ----------------------------
DROP TABLE IF EXISTS `attacker`;
CREATE TABLE `attacker` (
  `id` int(11) NOT NULL auto_increment,
  `user` text,
  `fname` text,
  `sk` text,
  `dt` text,
  `attacktype` text,
  PRIMARY KEY  (`id`)
) ENGINE=InnoDB DEFAULT CHARSET=utf8;

-- ----------------------------
-- Table structure for auditor
-- ----------------------------
DROP TABLE IF EXISTS `auditor`;
CREATE TABLE `auditor` (
  `username` text,
  `password` text
) ENGINE=InnoDB DEFAULT CHARSET=latin1;

-- ----------------------------
-- Table structure for auditorf
-- ----------------------------
DROP TABLE IF EXISTS `auditorf`;
CREATE TABLE `auditorf` (
  `id` int(11) NOT NULL auto_increment,
  `fname` text,
  `findex` text,
  `ct` text,
  `trapdoor` text,
  `sk` text,
  `rank` int(11) default NULL,
  `dt` text,
  `downer` text,
  PRIMARY KEY  (`id`)
) ENGINE=InnoDB DEFAULT CHARSET=latin1;

-- ----------------------------
-- Table structure for cloud
-- ----------------------------
DROP TABLE IF EXISTS `cloud`;
CREATE TABLE `cloud` (
  `name` text,
  `pass` text
) ENGINE=InnoDB DEFAULT CHARSET=utf8;

-- ----------------------------
-- Table structure for cloudserver
-- ----------------------------
DROP TABLE IF EXISTS `cloudserver`;
CREATE TABLE `cloudserver` (
  `id` int(11) NOT NULL auto_increment,
  `fname` text,
  `findex` text,
  `ct` text,
  `trapdoor` text,
  `sk` text,
  `rank` int(11) default NULL,
  `dt` text,
  `downer` text,
  PRIMARY KEY  (`id`)
) ENGINE=InnoDB DEFAULT CHARSET=utf8;

-- ----------------------------
-- Table structure for dataowner
-- ----------------------------
DROP TABLE IF EXISTS `dataowner`;
CREATE TABLE `dataowner` (
  `id` int(11) NOT NULL auto_increment,
  `fname` text,
  `findex` text,
  `ct` text,
  `trapdoor` text,
  `sk` text,
  `rank` int(11) default NULL,
  `dt` text,
  `downer` text,
  PRIMARY KEY  (`id`)
) ENGINE=InnoDB DEFAULT CHARSET=utf8;

-- ----------------------------
-- Table structure for downer
-- ----------------------------
DROP TABLE IF EXISTS `downer`;
CREATE TABLE `downer` (
  `id` int(11) NOT NULL auto_increment,
  `name` text,
  `pass` text,
  `email` text,
  `mobile` text,
  `addr` text,
  `dob` text,
  `gender` text,
  `pin` text,
  `location` text,
  `imagess` longblob,
  `status` text,
  PRIMARY KEY  (`id`)
) ENGINE=InnoDB DEFAULT CHARSET=utf8;

-- ----------------------------
-- Table structure for request
-- ----------------------------
DROP TABLE IF EXISTS `request`;
CREATE TABLE `request` (
  `id` int(11) NOT NULL auto_increment,
  `user` text,
  `SearchPer` text,
  PRIMARY KEY  (`id`)
) ENGINE=InnoDB DEFAULT CHARSET=utf8;

-- ----------------------------
-- Table structure for request1
-- ----------------------------
DROP TABLE IF EXISTS `request1`;
CREATE TABLE `request1` (
  `id` int(11) NOT NULL auto_increment,
  `user` text,
  `SearchPer` text,
  PRIMARY KEY  (`id`)
) ENGINE=InnoDB DEFAULT CHARSET=latin1;

-- ----------------------------
-- Table structure for results
-- ----------------------------
DROP TABLE IF EXISTS `results`;
CREATE TABLE `results` (
  `fname` text,
  `tdelay` text,
  `tpt` text
) ENGINE=InnoDB DEFAULT CHARSET=latin1;

-- ----------------------------
-- Table structure for search
-- ----------------------------
DROP TABLE IF EXISTS `search`;
CREATE TABLE `search` (
  `id` int(11) NOT NULL auto_increment,
  `user` text,
  `keyword` text,
  `dt` text,
  PRIMARY KEY  (`id`)
) ENGINE=InnoDB DEFAULT CHARSET=utf8;

-- ----------------------------
-- Table structure for searchhistory
-- ----------------------------
DROP TABLE IF EXISTS `searchhistory`;
CREATE TABLE `searchhistory` (
  `id` int(11) NOT NULL auto_increment,
  `user` text,
  `keyword` text,
  `fname` text,
  `dt` text,
  PRIMARY KEY  (`id`)
) ENGINE=InnoDB DEFAULT CHARSET=utf8;

-- ----------------------------
-- Table structure for searchratio
-- ----------------------------
DROP TABLE IF EXISTS `searchratio`;
CREATE TABLE `searchratio` (
  `id` int(11) NOT NULL auto_increment,
  `user` text,
  `keyword` text,
  `total` text,
  `found` text,
  `dt` text,
  PRIMARY KEY  (`id`)
) ENGINE=InnoDB DEFAULT CHARSET=utf8;

-- ----------------------------
-- Table structure for sta
-- ----------------------------
DROP TABLE IF EXISTS `sta`;
CREATE TABLE `sta` (
  `username` text,
  `password` text
) ENGINE=InnoDB DEFAULT CHARSET=latin1;

-- ----------------------------
-- Table structure for transaction
-- ----------------------------
DROP TABLE IF EXISTS `transaction`;
CREATE TABLE `transaction` (
  `id` int(11) NOT NULL auto_increment,
  `user` text,
  `fname` text,
  `task` text,
  `dt` text,
  PRIMARY KEY  (`id`)
) ENGINE=InnoDB DEFAULT CHARSET=utf8;

-- ----------------------------
-- Table structure for user
-- ----------------------------
DROP TABLE IF EXISTS `user`;
CREATE TABLE `user` (
  `id` int(11) NOT NULL auto_increment,
  `name` text,
  `pass` text,
  `email` text,
  `mobile` text,
  `addr` text,
  `dob` text,
  `gender` text,
  `pin` text,
  `location` text,
  `imagess` longblob,
  `status` text,
  PRIMARY KEY  (`id`)
) ENGINE=InnoDB DEFAULT CHARSET=utf8;

-- ----------------------------
-- Table structure for userintrest
-- ----------------------------
DROP TABLE IF EXISTS `userintrest`;
CREATE TABLE `userintrest` (
  `id` int(11) NOT NULL auto_increment,
  `user` text,
  `fname` text,
  `count` int(11) default NULL,
  PRIMARY KEY  (`id`)
) ENGINE=InnoDB DEFAULT CHARSET=utf8;

-- ----------------------------
-- Records 
-- ----------------------------
INSERT INTO `attacker` VALUES ('1', 'Hacker', 'Java.txt', '[B@6023f7', '02/10/2018   16:44:19', 'Malicious Data Attack');
INSERT INTO `attacker` VALUES ('2', 'Attacker', 'Python.txt', '[B@19a82ee', '02/10/2018   17:53:20', 'Malicious Data Attack');
INSERT INTO `auditor` VALUES ('Auditor', 'Auditor');
INSERT INTO `auditorf` VALUES ('1', 'Java.txt', 'SmF2YQ==', 'SmF2YSBpcyBhIGdlbmVyYWwtcHVycG9zZSBjb21wdXRlciBwcm9ncmFtbWluZyBsYW5ndWFnZSB0aGF0IGlzIGNvbmN1cnJlbnQsIGNsYXNzLWJhc2VkLCBvYmplY3Qtb3JpZW50ZWQsWzE1XSBhbmQgc3BlY2lmaWNhbGx5IGRlc2lnbmVkIHRvIGhhdmUgYXMgZmV3IGltcGxlbWVudGF0aW9uIGRlcGVuZGVuY2llcyBhcyBwb3NzaWJsZS4gSXQgaXMgaW50ZW5kZWQgdG8gbGV0IGFwcGxpY2F0aW9uIGRldmVsb3BlcnMgIndyaXRlIG9uY2UsIHJ1biBhbnl3aGVyZSIgKFdPUkEpLFsxNl0gbWVhbmluZyB0aGF0IGNvbXBpbGVkIEphdmEgY29kZSBjYW4gcnVuIG9uIGFsbCBwbGF0Zm9ybXMgdGhhdCBzdXBwb3J0IEphdmEgd2l0aG91dCB0aGUgbmVlZCBmb3IgcmVjb21waWxhdGlvbi5bMTddIEphdmEgYXBwbGljYXRpb25zIGFyZSB0eXBpY2FsbHkgY29tcGlsZWQgdG8gYnl0ZWNvZGUgdGhhdCBjYW4gcnVuIG9uIGFueSBKYXZhIHZpcnR1YWwgbWFjaGluZSAoSlZNKSByZWdhcmRsZXNzIG9mIGNvbXB1dGVyIGFyY2hpdGVjdHVyZS4gQXMgb2YgMjAxNiwgSmF2YSBpcyBvbmUgb2YgdGhlIG1vc3QgcG9wdWxhciBwcm9ncmFtbWluZyBsYW5ndWFnZXMgaW4gdXNlLFsxOF1bMTldWzIwXVsyMV0gcGFydGljdWxhcmx5IGZvciBjbGllbnQtc2VydmVyIHdlYiBhcHBsaWNhdGlvbnMsIHdpdGggYSByZXBvcnRlZCA5IG1pbGxpb24gZGV2ZWxvcGVycy5bMjJdIEphdmEgd2FzIG9yaWdpbmFsbHkgZGV2ZWxvcGVkIGJ5IEphbWVzIEdvc2xpbmcgYXQgU3VuIE1pY3Jvc3lzdGVtcyAod2hpY2ggaGFzIHNpbmNlIGJlZW4gYWNxdWlyZWQgYnkgT3JhY2xlIENvcnBvcmF0aW9uKSBhbmQgcmVsZWFzZWQgaW4gMTk5NSBhcyBhIGNvcmUgY29tcG9uZW50IG9mIFN1biBNaWNyb3N5c3RlbXMnIEphdmEgcGxhdGZvcm0uIFRoZSBsYW5ndWFnZSBkZXJpdmVzIG11Y2ggb2YgaXRzIHN5bnRheCBmcm9tIEMgYW5kIEMrKywgYnV0IGl0IGhhcyBmZXdlciBsb3ctbGV2ZWwgZmFjaWxpdGllcyB0aGFuIGVpdGhlciBvZiB0aGVtLg==', '-64a1cd2bb877af24b36a7f26da66c5cde27e07bf', '[B@92015d', '0', 'MDIvMTAvMjAxOCAgIDE2OjM5OjU3', 'Manjunath');
INSERT INTO `auditorf` VALUES ('2', 'Bigdata.txt', 'QmlnZGF0YQ==', 'QmlnIGRhdGEgaXMgYSB0ZXJtIGZvciBkYXRhIHNldHMgdGhhdCBhcmUgc28gbGFyZ2Ugb3IgY29tcGxleCB0aGF0IHRyYWRpdGlvbmFsIGJpZyBkYXRhIHByb2Nlc3NpbmcgYXBwbGljYXRpb24gc29mdHdhcmUgaXMgaW5hZGVxdWF0ZSB0byBkZWFsIHdpdGggdGhlbS4gQmlnIGRhdGEgY2hhbGxlbmdlcyBpbmNsdWRlIGNhcHR1cmluZyBkYXRhLCBkYXRhIHN0b3JhZ2UsIGRhdGEgYW5hbHlzaXMsIHNlYXJjaCwgc2hhcmluZywgdHJhbnNmZXIsIHZpc3VhbGl6YXRpb24sIHF1ZXJ5aW5nLCB1cGRhdGluZyBhbmQgaW5mb3JtYXRpb24gcHJpdmFjeS4=', '16497c75596c9ecbdafdb1dc65ab7d79d581d29f', '[B@1e30857', '0', 'MDIvMTAvMjAxOCAgIDE3OjIxOjE4', 'Manjunath');
INSERT INTO `auditorf` VALUES ('3', 'Dotnet.txt', 'RG90IE5ldA==', 'RE9UIE5FVCBGcmFtZXdvcmsgYXMgcHJvbm91bmNlZCBkb3QgbmV0IGlzIGEgc29mdHdhcmUgZnJhbWV3b3JrIGRldmVsb3BlZCBieSBNaWNyb3NvZnQgdGhhdCBydW5zIHByaW1hcmlseSBvbiBNaWNyb3NvZnQgV2luZG93cy4gSXQgaW5jbHVkZXMgYSBsYXJnZSBjbGFzcyBsaWJyYXJ5IG5hbWVkIEZyYW1ld29yayBDbGFzcyBMaWJyYXJ5IChGQ0wpIGFuZCBwcm92aWRlcyBsYW5ndWFnZSBpbnRlcm9wZXJhYmlsaXR5IChlYWNoIGxhbmd1YWdlIGNhbiB1c2UgY29kZSB3cml0dGVuIGluIG90aGVyIGxhbmd1YWdlcykgYWNyb3NzIHNldmVyYWwgcHJvZ3JhbW1pbmcgbGFuZ3VhZ2VzLiBQcm9ncmFtcyB3cml0dGVuIGZvciAuTkVUIEZyYW1ld29yayBleGVjdXRlIGluIGEgc29mdHdhcmUgZW52aXJvbm1lbnQgKGluIGNvbnRyYXN0IHRvIGEgaGFyZHdhcmUgZW52aXJvbm1lbnQpIG5hbWVkIENvbW1vbiBMYW5ndWFnZSBSdW50aW1lIChDTFIpLCBhbiBhcHBsaWNhdGlvbiB2aXJ0dWFsIG1hY2hpbmUgdGhhdCBwcm92aWRlcyBzZXJ2aWNlcyBzdWNoIGFzIHNlY3VyaXR5LCBtZW1vcnkgbWFuYWdlbWVudCwgYW5kIGV4Y2VwdGlvbiBoYW5kbGluZy4gKEFzIHN1Y2gsIGNvbXB1dGVyIGNvZGUgd3JpdHRlbiB1c2luZyBET1QgTkVUIEZyYW1ld29yayBpcyBjYWxsZWQgbWFuYWdlZCBjb2RlIEZDTCBhbmQgQ0xSIHRvZ2V0aGVyIGNvbnN0aXR1dGUgLk5FVCBGcmFtZXdvcmsu', '-56f15d7831369e39e4d428c6206c3b1f537de307', '[B@d75cf7', '0', 'MDIvMTAvMjAxOCAgIDE3OjIxOjQ5', 'Manjunath');
INSERT INTO `auditorf` VALUES ('4', 'Python.txt', 'UGh0aG9uIFByb2dyYW1taW5n', 'UHl0aG9uIGlzIGFuIGludGVycHJldGVkIGhpZ2gtbGV2ZWwgcHJvZ3JhbW1pbmcgbGFuZ3VhZ2UgZm9yIGdlbmVyYWwtcHVycG9zZSBwcm9ncmFtbWluZy5QeXRob24gQ3JlYXRlZCBieSBHdWlkbyB2YW4gUm9zc3VtIGFuZCBmaXJzdCByZWxlYXNlZCBpbiAxOTkxLCBQeXRob24gaGFzIGEgZGVzaWduIHBoaWxvc29waHkgdGhhdCBlbXBoYXNpemVzIGNvZGUgcmVhZGFiaWxpdHksIG5vdGFibHkgdXNpbmcgc2lnbmlmaWNhbnQgd2hpdGVzcGFjZS4=', '-5b1f66d8c064d28de37d0699adcff8c62f3ff94e', '[B@fe0ce1', '0', 'MDIvMTAvMjAxOCAgIDE3OjQ3OjM0', 'Arjun');
INSERT INTO `cloud` VALUES ('server', 'server');
INSERT INTO `cloudserver` VALUES ('1', 'Java.txt', 'SmF2YQ==', 'SmF2YSBpcyBhIGdlbmVyYWwtcHVycG9zZSBjb21wdXRlciBwcm9ncmFtbWluZyBsYW5ndWFnZSB0aGF0IGlzIGNvbmN1cnJlbnQsIGNsYXNzLWJhc2VkLCBvYmplY3Qtb3JpZW50ZWQsWzE1XSBhbmQgc3BlY2lmaWNhbGx5IGRlc2lnbmVkIHRvIGhhdmUgYXMgZmV3IGltcGxlbWVudGF0aW9uIGRlcGVuZGVuY2llcyBhcyBwb3NzaWJsZS4gSXQgaXMgaW50ZW5kZWQgdG8gbGV0IGFwcGxpY2F0aW9uIGRldmVsb3BlcnMgIndyaXRlIG9uY2UsIHJ1biBhbnl3aGVyZSIgKFdPUkEpLFsxNl0gbWVhbmluZyB0aGF0IGNvbXBpbGVkIEphdmEgY29kZSBjYW4gcnVuIG9uIGFsbCBwbGF0Zm9ybXMgdGhhdCBzdXBwb3J0IEphdmEgd2l0aG91dCB0aGUgbmVlZCBmb3IgcmVjb21waWxhdGlvbi5bMTddIEphdmEgYXBwbGljYXRpb25zIGFyZSB0eXBpY2FsbHkgY29tcGlsZWQgdG8gYnl0ZWNvZGUgdGhhdCBjYW4gcnVuIG9uIGFueSBKYXZhIHZpcnR1YWwgbWFjaGluZSAoSlZNKSByZWdhcmRsZXNzIG9mIGNvbXB1dGVyIGFyY2hpdGVjdHVyZS4gQXMgb2YgMjAxNiwgSmF2YSBpcyBvbmUgb2YgdGhlIG1vc3QgcG9wdWxhciBwcm9ncmFtbWluZyBsYW5ndWFnZXMgaW4gdXNlLFsxOF1bMTldWzIwXVsyMV0gcGFydGljdWxhcmx5IGZvciBjbGllbnQtc2VydmVyIHdlYiBhcHBsaWNhdGlvbnMsIHdpdGggYSByZXBvcnRlZCA5IG1pbGxpb24gZGV2ZWxvcGVycy5bMjJdIEphdmEgd2FzIG9yaWdpbmFsbHkgZGV2ZWxvcGVkIGJ5IEphbWVzIEdvc2xpbmcgYXQgU3VuIE1pY3Jvc3lzdGVtcyAod2hpY2ggaGFzIHNpbmNlIGJlZW4gYWNxdWlyZWQgYnkgT3JhY2xlIENvcnBvcmF0aW9uKSBhbmQgcmVsZWFzZWQgaW4gMTk5NSBhcyBhIGNvcmUgY29tcG9uZW50IG9mIFN1biBNaWNyb3N5c3RlbXMnIEphdmEgcGxhdGZvcm0uIFRoZSBsYW5ndWFnZSBkZXJpdmVzIG11Y2ggb2YgaXRzIHN5bnRheCBmcm9tIEMgYW5kIEMrKywgYnV0IGl0IGhhcyBmZXdlciBsb3ctbGV2ZWwgZmFjaWxpdGllcyB0aGFuIGVpdGhlciBvZiB0aGVtLg==sdfdasfadf', '-2119f1120f3acf0607b77b6572ee98d18ea6dd83', '[B@6023f7', '3', 'MDIvMTAvMjAxOCAgIDE2OjM5OjU3', 'Manjunath');
INSERT INTO `cloudserver` VALUES ('2', 'Bigdata.txt', 'QmlnZGF0YQ==', 'QmlnIGRhdGEgaXMgYSB0ZXJtIGZvciBkYXRhIHNldHMgdGhhdCBhcmUgc28gbGFyZ2Ugb3IgY29tcGxleCB0aGF0IHRyYWRpdGlvbmFsIGJpZyBkYXRhIHByb2Nlc3NpbmcgYXBwbGljYXRpb24gc29mdHdhcmUgaXMgaW5hZGVxdWF0ZSB0byBkZWFsIHdpdGggdGhlbS4gQmlnIGRhdGEgY2hhbGxlbmdlcyBpbmNsdWRlIGNhcHR1cmluZyBkYXRhLCBkYXRhIHN0b3JhZ2UsIGRhdGEgYW5hbHlzaXMsIHNlYXJjaCwgc2hhcmluZywgdHJhbnNmZXIsIHZpc3VhbGl6YXRpb24sIHF1ZXJ5aW5nLCB1cGRhdGluZyBhbmQgaW5mb3JtYXRpb24gcHJpdmFjeS4=', '16497c75596c9ecbdafdb1dc65ab7d79d581d29f', '[B@1e30857', '0', 'MDIvMTAvMjAxOCAgIDE3OjIxOjE4', 'Manjunath');
INSERT INTO `cloudserver` VALUES ('3', 'Dotnet.txt', 'RG90IE5ldA==', 'RE9UIE5FVCBGcmFtZXdvcmsgYXMgcHJvbm91bmNlZCBkb3QgbmV0IGlzIGEgc29mdHdhcmUgZnJhbWV3b3JrIGRldmVsb3BlZCBieSBNaWNyb3NvZnQgdGhhdCBydW5zIHByaW1hcmlseSBvbiBNaWNyb3NvZnQgV2luZG93cy4gSXQgaW5jbHVkZXMgYSBsYXJnZSBjbGFzcyBsaWJyYXJ5IG5hbWVkIEZyYW1ld29yayBDbGFzcyBMaWJyYXJ5IChGQ0wpIGFuZCBwcm92aWRlcyBsYW5ndWFnZSBpbnRlcm9wZXJhYmlsaXR5IChlYWNoIGxhbmd1YWdlIGNhbiB1c2UgY29kZSB3cml0dGVuIGluIG90aGVyIGxhbmd1YWdlcykgYWNyb3NzIHNldmVyYWwgcHJvZ3JhbW1pbmcgbGFuZ3VhZ2VzLiBQcm9ncmFtcyB3cml0dGVuIGZvciAuTkVUIEZyYW1ld29yayBleGVjdXRlIGluIGEgc29mdHdhcmUgZW52aXJvbm1lbnQgKGluIGNvbnRyYXN0IHRvIGEgaGFyZHdhcmUgZW52aXJvbm1lbnQpIG5hbWVkIENvbW1vbiBMYW5ndWFnZSBSdW50aW1lIChDTFIpLCBhbiBhcHBsaWNhdGlvbiB2aXJ0dWFsIG1hY2hpbmUgdGhhdCBwcm92aWRlcyBzZXJ2aWNlcyBzdWNoIGFzIHNlY3VyaXR5LCBtZW1vcnkgbWFuYWdlbWVudCwgYW5kIGV4Y2VwdGlvbiBoYW5kbGluZy4gKEFzIHN1Y2gsIGNvbXB1dGVyIGNvZGUgd3JpdHRlbiB1c2luZyBET1QgTkVUIEZyYW1ld29yayBpcyBjYWxsZWQgbWFuYWdlZCBjb2RlIEZDTCBhbmQgQ0xSIHRvZ2V0aGVyIGNvbnN0aXR1dGUgLk5FVCBGcmFtZXdvcmsu', '-56f15d7831369e39e4d428c6206c3b1f537de307', '[B@d75cf7', '0', 'MDIvMTAvMjAxOCAgIDE3OjIxOjQ5', 'Manjunath');
INSERT INTO `cloudserver` VALUES ('4', 'Python.txt', 'UGh0aG9uIFByb2dyYW1taW5n', 'UHl0aG9uIGlzIGFuIGludGVycHJldGVkIGhpZ2gtbGV2ZWwgcHJvZ3JhbW1pbmcgbGFuZ3VhZ2UgZm9yIGdlbmVyYWwtcHVycG9zZSBwcm9ncmFtbWluZy5QeXRob24gQ3JlYXRlZCBieSBHdWlkbyB2YW4gUm9zc3VtIGFuZCBmaXJzdCByZWxlYXNlZCBpbiAxOTkxLCBQeXRob24gaGFzIGEgZGVzaWduIHBoaWxvc29waHkgdGhhdCBlbXBoYXNpemVzIGNvZGUgcmVhZGFiaWxpdHksIG5vdGFibHkgdXNpbmcgc2lnbmlmaWNhbnQgd2hpdGVzcGFjZS4=sdfdsafdsafdsaf', '-19a441e4ae987db2415b530188eea71e3e403148', '[B@19a82ee', '2', 'MDIvMTAvMjAxOCAgIDE3OjQ3OjM0', 'Arjun');
INSERT INTO `dataowner` VALUES ('13', 'Java.txt', 'SmF2YQ==', 'SmF2YSBpcyBhIGdlbmVyYWwtcHVycG9zZSBjb21wdXRlciBwcm9ncmFtbWluZyBsYW5ndWFnZSB0aGF0IGlzIGNvbmN1cnJlbnQsIGNsYXNzLWJhc2VkLCBvYmplY3Qtb3JpZW50ZWQsWzE1XSBhbmQgc3BlY2lmaWNhbGx5IGRlc2lnbmVkIHRvIGhhdmUgYXMgZmV3IGltcGxlbWVudGF0aW9uIGRlcGVuZGVuY2llcyBhcyBwb3NzaWJsZS4gSXQgaXMgaW50ZW5kZWQgdG8gbGV0IGFwcGxpY2F0aW9uIGRldmVsb3BlcnMgIndyaXRlIG9uY2UsIHJ1biBhbnl3aGVyZSIgKFdPUkEpLFsxNl0gbWVhbmluZyB0aGF0IGNvbXBpbGVkIEphdmEgY29kZSBjYW4gcnVuIG9uIGFsbCBwbGF0Zm9ybXMgdGhhdCBzdXBwb3J0IEphdmEgd2l0aG91dCB0aGUgbmVlZCBmb3IgcmVjb21waWxhdGlvbi5bMTddIEphdmEgYXBwbGljYXRpb25zIGFyZSB0eXBpY2FsbHkgY29tcGlsZWQgdG8gYnl0ZWNvZGUgdGhhdCBjYW4gcnVuIG9uIGFueSBKYXZhIHZpcnR1YWwgbWFjaGluZSAoSlZNKSByZWdhcmRsZXNzIG9mIGNvbXB1dGVyIGFyY2hpdGVjdHVyZS4gQXMgb2YgMjAxNiwgSmF2YSBpcyBvbmUgb2YgdGhlIG1vc3QgcG9wdWxhciBwcm9ncmFtbWluZyBsYW5ndWFnZXMgaW4gdXNlLFsxOF1bMTldWzIwXVsyMV0gcGFydGljdWxhcmx5IGZvciBjbGllbnQtc2VydmVyIHdlYiBhcHBsaWNhdGlvbnMsIHdpdGggYSByZXBvcnRlZCA5IG1pbGxpb24gZGV2ZWxvcGVycy5bMjJdIEphdmEgd2FzIG9yaWdpbmFsbHkgZGV2ZWxvcGVkIGJ5IEphbWVzIEdvc2xpbmcgYXQgU3VuIE1pY3Jvc3lzdGVtcyAod2hpY2ggaGFzIHNpbmNlIGJlZW4gYWNxdWlyZWQgYnkgT3JhY2xlIENvcnBvcmF0aW9uKSBhbmQgcmVsZWFzZWQgaW4gMTk5NSBhcyBhIGNvcmUgY29tcG9uZW50IG9mIFN1biBNaWNyb3N5c3RlbXMnIEphdmEgcGxhdGZvcm0uIFRoZSBsYW5ndWFnZSBkZXJpdmVzIG11Y2ggb2YgaXRzIHN5bnRheCBmcm9tIEMgYW5kIEMrKywgYnV0IGl0IGhhcyBmZXdlciBsb3ctbGV2ZWwgZmFjaWxpdGllcyB0aGFuIGVpdGhlciBvZiB0aGVtLg==', '-64a1cd2bb877af24b36a7f26da66c5cde27e07bf', '[B@92015d', '0', 'MDIvMTAvMjAxOCAgIDE2OjM5OjU3', 'Manjunath');
INSERT INTO `dataowner` VALUES ('14', 'Bigdata.txt', 'QmlnZGF0YQ==', 'QmlnIGRhdGEgaXMgYSB0ZXJtIGZvciBkYXRhIHNldHMgdGhhdCBhcmUgc28gbGFyZ2Ugb3IgY29tcGxleCB0aGF0IHRyYWRpdGlvbmFsIGJpZyBkYXRhIHByb2Nlc3NpbmcgYXBwbGljYXRpb24gc29mdHdhcmUgaXMgaW5hZGVxdWF0ZSB0byBkZWFsIHdpdGggdGhlbS4gQmlnIGRhdGEgY2hhbGxlbmdlcyBpbmNsdWRlIGNhcHR1cmluZyBkYXRhLCBkYXRhIHN0b3JhZ2UsIGRhdGEgYW5hbHlzaXMsIHNlYXJjaCwgc2hhcmluZywgdHJhbnNmZXIsIHZpc3VhbGl6YXRpb24sIHF1ZXJ5aW5nLCB1cGRhdGluZyBhbmQgaW5mb3JtYXRpb24gcHJpdmFjeS4=', '16497c75596c9ecbdafdb1dc65ab7d79d581d29f', '[B@1e30857', '0', 'MDIvMTAvMjAxOCAgIDE3OjIxOjE4', 'Manjunath');
INSERT INTO `dataowner` VALUES ('15', 'Dotnet.txt', 'RG90IE5ldA==', 'RE9UIE5FVCBGcmFtZXdvcmsgYXMgcHJvbm91bmNlZCBkb3QgbmV0IGlzIGEgc29mdHdhcmUgZnJhbWV3b3JrIGRldmVsb3BlZCBieSBNaWNyb3NvZnQgdGhhdCBydW5zIHByaW1hcmlseSBvbiBNaWNyb3NvZnQgV2luZG93cy4gSXQgaW5jbHVkZXMgYSBsYXJnZSBjbGFzcyBsaWJyYXJ5IG5hbWVkIEZyYW1ld29yayBDbGFzcyBMaWJyYXJ5IChGQ0wpIGFuZCBwcm92aWRlcyBsYW5ndWFnZSBpbnRlcm9wZXJhYmlsaXR5IChlYWNoIGxhbmd1YWdlIGNhbiB1c2UgY29kZSB3cml0dGVuIGluIG90aGVyIGxhbmd1YWdlcykgYWNyb3NzIHNldmVyYWwgcHJvZ3JhbW1pbmcgbGFuZ3VhZ2VzLiBQcm9ncmFtcyB3cml0dGVuIGZvciAuTkVUIEZyYW1ld29yayBleGVjdXRlIGluIGEgc29mdHdhcmUgZW52aXJvbm1lbnQgKGluIGNvbnRyYXN0IHRvIGEgaGFyZHdhcmUgZW52aXJvbm1lbnQpIG5hbWVkIENvbW1vbiBMYW5ndWFnZSBSdW50aW1lIChDTFIpLCBhbiBhcHBsaWNhdGlvbiB2aXJ0dWFsIG1hY2hpbmUgdGhhdCBwcm92aWRlcyBzZXJ2aWNlcyBzdWNoIGFzIHNlY3VyaXR5LCBtZW1vcnkgbWFuYWdlbWVudCwgYW5kIGV4Y2VwdGlvbiBoYW5kbGluZy4gKEFzIHN1Y2gsIGNvbXB1dGVyIGNvZGUgd3JpdHRlbiB1c2luZyBET1QgTkVUIEZyYW1ld29yayBpcyBjYWxsZWQgbWFuYWdlZCBjb2RlIEZDTCBhbmQgQ0xSIHRvZ2V0aGVyIGNvbnN0aXR1dGUgLk5FVCBGcmFtZXdvcmsu', '-56f15d7831369e39e4d428c6206c3b1f537de307', '[B@d75cf7', '0', 'MDIvMTAvMjAxOCAgIDE3OjIxOjQ5', 'Manjunath');
INSERT INTO `dataowner` VALUES ('16', 'Python.txt', 'UGh0aG9uIFByb2dyYW1taW5n', 'UHl0aG9uIGlzIGFuIGludGVycHJldGVkIGhpZ2gtbGV2ZWwgcHJvZ3JhbW1pbmcgbGFuZ3VhZ2UgZm9yIGdlbmVyYWwtcHVycG9zZSBwcm9ncmFtbWluZy5QeXRob24gQ3JlYXRlZCBieSBHdWlkbyB2YW4gUm9zc3VtIGFuZCBmaXJzdCByZWxlYXNlZCBpbiAxOTkxLCBQeXRob24gaGFzIGEgZGVzaWduIHBoaWxvc29waHkgdGhhdCBlbXBoYXNpemVzIGNvZGUgcmVhZGFiaWxpdHksIG5vdGFibHkgdXNpbmcgc2lnbmlmaWNhbnQgd2hpdGVzcGFjZS4=', '-5b1f66d8c064d28de37d0699adcff8c62f3ff94e', '[B@fe0ce1', '0', 'MDIvMTAvMjAxOCAgIDE3OjQ3OjM0', 'Arjun');
INSERT INTO `downer` VALUES ('3', 'Hitesh', 'Hitesh', 'Hitesh.123@gmail.com', '9535866270', '#8827,Rajajinagar,Bangalore-21', '05/06/1987', 'Male', '560021', 'Bangalore', 0x89504E470D0A1A0A0000000D49484452000000780000007808030000000EBAC6E000000063504C5445FFFFFF000000F1F1F1FBFBFBCDCDCDF7F7F7F4F4F4E9E9E9383838545454BBBBBBB6B6B6C5C5C54040404A4A4A898989E0E0E08383839696969E9E9E5C5C5CAAAAAA323232646464262626909090A4A4A40C0C0C2B2B2BD9D9D97D7D7D6F6F6F1B1B1B6538C8000000060E494441546881ED5AD9BAA2300C765844591551548E47DFFF294769D38D242D1ECE7C73E17FA7A50DD9D384D5EA83FF1D713422FE7714A3AC3CECFBAEDE8CA8BB7E7F28B3E8B789964D77FE83E0DC35E5AF11CFDA0EA3A9D1B5D9F254E3C386A72AB0392CABF4A40FA12AD0278B91CD09661F0F82ED7C11B2A54BB6BE37459245EB759AAED7519614CDBD7649973F267BB3CFDC3649964E9F4AB3A4D9DA6F77FB11D9A8B1A81E77DCC3BBA345BBF9817B255FFA9C73CB5295B45BC3CBBFDEB63283DD4D11BAA9304CA2798B6C54E9779F65A6B99653F586B84BB5FB31DB3B0AED67B3CDFBA8B65EDE8845F1456D3FCEDBA9D47B7AD32D6EA7B714BD875D7B9ADD781D456B66599F114EF75B6E19085B8EB37CDFD7D56653D5FD3ECF08EAC5208FF99E4B9710F3AE7522644DB8B8127720CFA0DF1AF5053C51E1292982370CD2F315E86212CCB618D917B6581110432CB8FAE982FF6EB1C58622FBC205DB012FEAF5E708F845D63247B7C360FFAE31A6618F2786C532D256C85A622480FE9244AF7C1C251743E7674CD352DA1B3E0E49596E90F72B157FD5D5622DBBAAA83E20128D242FAC8149050F881FDD145BC5A412480B250C6627A3E6B5743C246E80EEFF7CAFD19DE0FB982E0BB17242778E9082C6FC1D6C848CF9905530ABDC7B847DA3CDA0F58B0BFCB09D2E81C95209674B2EEFE4A16C3193C88790F829594263C3B37210AB581CE848DD9B90BAEC9025999FF1924238C503117442EBDEC237299758F822161E80618C2B1123BEBC055424AAAD1E592A689605C32764E5162468E378CC88BE289613FA9584496FFC74C17C11C306814ED5D0D3A70B59046436C8A9A82A37B81A625A9C3B611874DC31B01E1F1DB08A44AAC1B5DDC3F8EF193B2C279D044147BB8D88E707E75F5A393290BA1B080806D0E0889ACA8E16910C688157021138D110255566570B2DFDFCEA843C4F22239D1238B0A52A5483A71EE1816174572B116BD0A5E3D45864B645251DBF4318AD7364AA310320A399050923D6B2A76D7141514B3266AEE98870366231E39261D9507274E6CE5ECA9DE0ADCE5AC942EB35D2477A61A900F2AC466BC786C56BDE89B3960A994FDC1DE1B1AF095E302349E07EB99A0A4F942C64A29F9D16B1127784C850FAA2DE7346ADA27B40138629044608B3D639B9E31D6691D26744669B4B5C4F42990D21918757CBEB87C3910B119AD5957F5D7908CB7ACCDB44A1CB5B8B70051CC88B24C3D0AC829E66581ABDBA040BC20F227EBC005718367CC1E589E9F2A68F9984E10A825DBC155D7971475B211CE18123ACAEA9A4B4A59C691F1E090F1661AF71ADCC8B39EACE317731774F51C6E575A71740CD689F51750F3905AF26EEE40B2002AA09F28C9E4EF345AF787ABD4E00F1854CA06CB4B5AA4379CBD234BB9507DDC8479B3616DC90E94912EA7DED7EE2E37CB6275E6857D1829B24F8B468E040CCD6C6F7082815DCB4C817020AF1AEE508B73B6FFE720B01BEF401B239D9B955B2CE79D293D2872FF6048E278E24E0C4CE3E26C51E5FDEBE5032327624CE44D549798B54DA16769575F6D0B745128D8A49A3A4687BBB7D5C9141644A86AD86A5D14BDCAF8846B2EBDD7C86B2EF6985CE5DDACCF6787D24E36A74349F43CD05B9B431D7D45C6BB74F58A38D8D39093A1644AEA9F4C55C8B791B30954DB4C721E2C62EE6542B424F3F02279BB9DA300984B215E1D0C00B626532F7E0796CA4F7382B789F0E6D37A9EC1E3CB67E016A11B72AC5DB4D58834D8DFA0286F426765F1865A2C186B4146106BCE5633882146CCC2CFC88962214EDDABB4162F77706D7A0682D4159FC22AE21C2A2EA5E40A5E34D963880B2AA49C8B6313802B88D4C465418F5424A1BBA214CA35CB23C08C94A059FDEFE58293E996AE64603A085F1491956871F7CA095C99C35BAC4C5B5200BB556CB96914C2872AD2C7EFC630CBC0AC40FE7E31B2C1B065E643C80119FD40F330C0C821C559E62DF884F0D35EF0B08FA85DC3A8EE303A67423023B5B1CACAF0BD9B4DA843E18069311CF7D4197750B306CB28CBBB086BA07CFFF2E0983FE46CA9BD0413A8F25E8AE5650B105E84DDE76833A88C1A7057D5C250C6C7612C691861816E019588765BEE97C221FF8469085ECB6E097C3D1ED173E05FEE0830F3EF8E0830F3EF820047F01CB6E3ED44028EF510000000049454E44AE426082, 'Authorized');
INSERT INTO `downer` VALUES ('4', 'Manjunath', 'Manjunath', 'tmksmanju13@gmail.com', '9535866270', '#7837,4th Main,2nd Block,Rajajinagar', '05/06/1987', 'Male', '560021', 'Bangalore', 0x89504E470D0A1A0A0000000D49484452000000660000006608030000000E01145000000084504C5445FFFFFF34495E2C3E502E40531C32469EA5AD31475C2E445A31465CFAFBFB284057273F56A4ADB6243D55EFF0F23A4E62B0B7BF425569C1C7CEDDE1E4B9BFC6C7CDD18995A0516274E6E8EA193045848E9958697ADBDFE297A1AC7F8994758290677786485B6FABB2BA4E5C67717B86D1D4D74757665763705E6C7A60708024384B19364FB10589D20000031C494441546881ED9AD9B6A23010458D62429019191411A145AFFAFFFFD7B0AE53AB544A2A3EB5E7C147F7AAA4726AD0D1E8ABAFBEFAACDC2C8A7DDBF6C328733FC5904DBDAE1CC799CDDA8F6A5D37F2139478595996C9CE32C5AC5AC6DA2159E9892BE342F2CA4C2B44FA8EE0EC495C9C7C8D27E7268F91DC224AB4E5822C5F8572E194BAE2D9587D904E56A90522973388C2D82CD111CFDCEBB997EBB979733A25CB054C614CE4F4BC4EC08B395F4F410EC651535A0E351C4C305D16D02832E87D31F7E2012DD9E68A2CBB7242122651A6D9AF04E9D4E4168BD9524E2DFBC1620E945C6B2A5406B44E9036044C8C4BB436052A4A250D0364A6990125D5622C8607946862ECDDF08A7237AB148BC957048C7BC026F486D412ACB198358532B291185E933011C3393423161C9CDB88038D329A9F309813AD0EB41EADEE38BA60C82D54C89446C03DFA682097EA064A473F98ED151C1D6D5AAB9507724440F1993B8501C011A412F02FA7EAE588541BA52DD669CF54E0908AF3B312EF15C523769B0F721B3F7F656E077FA56F3FE076FB809716CABBFD801E90B45366F5FA34B7586AD35FA76BB3D781DC87C48811C9F87042141CEE1C289B15B7800DE026111483038AF2FE7DC05340E650679B5BC850CE013943FC40DAAA41FD51A657BF7F4185BA9C3D8A7B6F4FD405FE5AEE38E24D8EDDFF20219996FD0E65EE0DA27403C81B8B9555FA568EDD4BA4F85A8A699A7A39399692A016287D72903528C6F5CD7D42766D6E4938B24EA2C4D89B4FA4B4F120B22D1B9E65D770102E5A2B369B18CD7C25063BA243E2958A129292F922654DC08ECEB0C406A644D8250D2C1E4420C6D64269054ED6728DDAA0AA652D21CCEA650B3B4022874E2D1E5A671E65821B295FC3DBFC9505BC50895B6EA330457F974336E79B209B46FCBA81C600ABDC2CD76068670CE0D2E82D1D0203ECF1DC8D3ECC16B81BEC121D81F901303B6D98C91EB89BCD51930BF0237037B230C67A0AC1D89802434838198F2764106FBF85439E26B7C6B80511D57E8501FF9E13ED8E630D32FE285AA8666F90214763AF1C0BA262B75818042D16BB2962A89659534F09AA9BEC237FF2F8EAABFF4E7F01B070378EDE50F2620000000049454E44AE426082, 'Authorized');
INSERT INTO `downer` VALUES ('5', 'Arjun', 'Arjun', 'tmksmanju11@gmail.com', '9535866270', '#8373,4th Block,Rajajinagar', '05/06/1989', 'Male', '560021', 'Bangalore', 0xFFD8FFE000104A46494600010100000100010000FFDB008400090607101012150F10120F150F1015101010100F0F0F101015101515161715151515181D2820181A271B131521312125292B2E2E2E171F3338332D37282D2E2B010A0A0A0E0D0E151010182B1D1D1F2B2D2B2B2F2D2E2D2D2D2B2F2D2D372D312B2B2B2D2D2D382D2B2D2B2D372F2D2B2D2D382B2B2D2B2D2D2B2D2D2D2E2D2D2DFFC000110800E100E103012200021101031101FFC4001C0001000105010100000000000000000000000302040506070801FFC4004010000202010104060705060505010000000001020304110512213106074151617113228191A1B1C1324252627214338292B2F02353A2C2D1435473E1F115FFC400190101000301010000000000000000000000000103040205FFC4002311010002010400070100000000000000000001021103041221133132415161F052FFDA000C03010002110311003F00EE20000000000000000018DE90EDBA3031ECCBC8969554B57F8A52FBB18AED6DF003EEDEDB98D8353C8CAB230AE3C16BC6529764611E7293EE4711E97F5DD9536E1815C69AF8A575AA365CFC547ECC7DBA9A674B7A577ED3B9E45D27A7154D29B70AABEC4977E9CDF69AAE4CDB7E0739EDDF1C46659CCBE9D6D6B65BD2CFCD4DFF0097916551FE5834BE06132F36DB65BF7596593ED959394E5EF6C86254D12E70B9D9D9F7D52D68BAEAA5F8AAB275CBDF16742E8C75B1B571748DD38E554B838DFF00BD4BC2C5C75FD5A9A1E2D49F33211A3FF8FE8CAE6EB629F2F49F43BAC1C2DA5A4212F4793DB8F6B4A6FBF71F29AF236D3C7DB8E2D4A2DA945A945A6D4949714E2D726BBCEBFD5BF5AAA4E385B4A6B7DE90A72A5C379F646DEE7F9BB4EAB7CB9B531DC3B1000ED5800000000000000000000000000000000000079BFAF6E983CBCAFD82993FD9F124E33D1F09E47DEF3DDFB3E6A5E077CE94ED4FD8F12FCAEDA6A9CE3C35F592F57E3A1E347737273936E526E4E4F8B6DF16FCC0BBAE1A2D3DEFE88A5D5AF129AE7AF02F12496ADF0ED7F42A9CC4AF8C618C51E2575C78E86F9D10E80D997257E529558BCD438C6DB1767E98F8F3EEEF2CFA67D08BB064EDAD39E237AC66B8CAB5F86C5FEE39F1A936E39ED3E15A2396182C6ACBDADF632CB16CD3C8BE4D3FEF8912EA15B5A9659D8EA4B8F3EC64F29E9FDF12D2FBFB0EA91D92EEFD4774D1E650F03224DE4E2A5B9293D653A1705AF7B8F2F71D48F22F4136DBC1CEA72F5D2309C637773A26F76CD7C93D7CE28F5D17334C0000800000000000000000000000000000000685D7864BAF645FA7DF9555BF294D6A7964F5075F106F645BA765943F66F9C27A05D1D59792BD2AD68A52B269F293FBB17E0DF3F2F139BDA2B1332EAB59B4E2161B07A359996D3A6B7B9FE659EA56977EBDBECD4EABD18E83518CD5B73575EB936B4AA0FF002C3B5F8BF81B24124B44924B924B444F03CCD5DCDAFD7943D1D3D0AD7ED3C592A8A6B46934F834D6A9A2DE2CB8ACCCBA5A76DFEAD28BDBB3165E82D7C5C74DEA24FC63CE3E6BDC693B4FA11B4B1FED63CA715FF531E4AC8E9DFA7068EE7417B034535ED1E7DA8BD21E5FC9AEC8709D7647F5D5383F8A31F66AF927EE67ACA54C65F6A317E714FE6412C4AFF057FC91FF0082F8DD63D957859F77957196ADAEC6A5167AF7A2996EEC2C5BA4F595B8F8F393D75F5A55C5CB8F9EA704EB4F60C71B2FD3D714ABCBD6C692492B9709FBF54FCF78EE5D038B5B37093FFB5C67EC75C5AF99AB4ADCA32CFAB5C74CF000B550000000000000000000000000000000034CEB771656ECCBE2BF0B97F2F1FA1CBFAB3A52A2762FBF3DDD7F4AD3EA776DB588AEA2CA9AD54A2D69DFC391C5BA0F84F1E8B31E5CEAC8BE1C7B526B47ED5A3F698B73D44FDE1AF6FDE1B245971065AA64F5B304B74278B2E6A2D62CB8A8E496431CBCACB3C72F6B3A85364C88E489514491DC4398739EBA68D712BB12F5ABB7869CDB945A4BDECEABB071FD1635157F974D35FB2304BE868FD38C477BC4C74B553C984E5C9F0A939F1F0D5457B4E8D08E8925C9248DDB6F2C7EFDD33EE1F4006B66000000000000000000000000000000000E71B7B66468C8B1C568AD6ACF0E5A7D12F61D1CC0F4C3137E9F4897AD5B4F5FCAF83FA19F734E54CFC2FDBDF8DB1F2D1C9EA234892A3CB97A509A25CD2CB644F5104B258CCBEAD98EC62FEA4750A6CB947C67D89F19655CA0AF1236645526B575A9CB5EEE5F5F91B1967818CA3ACDFDA9A5EC5DC5E1E86DE935AF7EEC7AD6E56EBD80017AA000000000000000000000000000000000A2EA94E2E12E3192716BC1958039A64634AA9CAB973836BCFB9FB57129844DAFA55B3B792BE2B8C569669F87B1FB0D6940F1F5A9C2D30F574AFCEB12F8913D48A144B8AA254B25734191A91634C4C8527555564C8AA8AF7A497BFC8A1991C0A745BCF9CBE46AD1A72988517B71AAE8007A2C40000000000000000000000000000000000000000F9249F07C9F069F71CEA197077DD8DC15954E4A31EF8738B5DFC1A3A2B7A7338B748F59675F641E8D5AF471E1A38A51E1A7918F79113586BDA7AA5B82AC9ABACD7307A4CE3EAE441BECF4904B5FE28FFC7B8CEE36D8C59F15757E527BAFDCF89E7E1B6591AA25D56584368D3D9645FE97BDF223BF6837C20B45DEF9FF00E8EE3A573196630AC8CED75F3708EFCBBB9E8919A351E8B5F18DF352696F43836F4E299B7267A3B6C70CB16E3ABE0001A140000000000000000000000000000000000C5EDBE90E261477F2AFAAB5D8A725BCFCA3CD9CC3A45D77478C367D1BDCD7A7C9D631F38D4B8BF6B5E4C0EC365918ADE93492E6E4D24BDACD1FA49D6AECEC4D615CA59372E1B98FA3827F9AC7EAAF66AFC0E1BB6BA4D9D9CDBC9BEC945FFD34F72A5E1B8B81614D206DDD29E9BE5ED092726E9AA3F668AAC96EAF194B86F3F1D179171B0EDB2B6B7BD784B497ACDEF6AF8BE26A68E8DD1CC456515CFBE2BDEB87D08B52B68C5A1D56F6ACE6B2BA54D76F15C1F74968CFB0D928CB5580A2B79F0496ADBEC48E63B73A69936D9258B2F47445B506A29CE5A6AB79B7C93EEF231DF67FC4B55377FD43A76CEC7504D2F326BADD392D5FC0C0F575D247991963DEA2B26A4A4A714A2ACADF0D74EC927A6BE69F7E9B65D8A77A7B488F54E5CDF7533E9E9CF3A6F64DC63AB6B596AF4E1D9FDFB8FBD14EB1727020A99C3D3D3AEB153B251B22BB5467C7878344FD624545551ED9394BD91497FB8D1ED5C0D51111188669999EE5DE762F593B3B27452B25458FEE642505AF84D3717EFD7C0DB6AB6335BD09464BBE2D35EF4796374BCD9FB4B271DEB8F75B5BFC93697BB9043D3C0E1FB2BAD4DA14E8AE8D57C3B7797A2B34F09C787BE2CE81D1BEB1B0731AADC9D37BE0ABBF45ABEE8CD7097CFC00DC0000000000000000000000000E47D66F5AB2C79CB0B6738BBA3AC6FC9694A35BFC35AE529F7B7C178F66C1D6FF004B25B3F0FD1D2F4CACB72AAA6B9C2097F8967B134978C91E72AEBEFD757C5B7C5B7DED812645D6DF376DD39D96CB8CA7649CA4FDACAEBA8AA102782247DAEB2648A515202A89D57AB46ACC569F3AEC945FB78AF99CB228DFBAA8CBD277D1F8942D5E6BD597CE20741C8C694A0E305CF83F2ED3846DFAA18D9991470F56C6F45D8E494B4F89E90C3AF4879F13CCBD219FA5CEC8B1F6DF745FF0C9C3FDA06E3D5755ADD664A5EAC12A53FCD3D252F828FF0031D5CE63D52AE3954F8D16AF6A9C65FD31F79D323AA5E210E61D655FBD94AB5CAAAE29FEA93727F0DD351B57032BD24C9F4B9574F9EB3697947D55F0462AD612AAA5C17913C605BE3CB822F2A0237411598BA992844ADD206D3D5E74F2CC79C70F366E78F3D2355D27ACAA9725193ED83EFE6BCB97644CF33E5E3F03B1F553D20965E2BA6C96B7E2B8D726F9BADAFF000E4FD89AFE1206EC0000000000000000006C0F38F5CDB53F68DA7386BEAE2C234A5DD2FB52F8C8D3228BDE9164BBB3326D7CE57DDC7C14DC57C122D1122A892C59135A94516F34F9A7F1FEF8FB40BC4CAD10C595C581344D97AB9CAF47B4694FECDBBF4CBF8A2DC7FD5189AC265CE164BA6DAEE5CEAB2BB13F18C93FA01E9ABA1BB07E116FE0794AAB3D24E567E39CACFE66E5F53D45B77352C2BB213F5563D96A7E1E8DC933CB9B3E3A452EE491037EEAAAEDDCF70ECBA9B23ED8B8CFE51675ADA1A554D96BE0AB84E7AF927A1C3BA1B95E8B3F1A7AE8BD2284BCA49AFA9D77ACCCCF43B3E715F6AE94295E4DEB25FCB1648E2764F5D64F9B6DBF365B4A5AF9155C45A8124244EB212E7E6CB194F42D236EF4DF7474FF00D01B4635BAF17EE2FA1246BB45ECC8539205DE5F2331D556D1F41B46306FD5C884E97DDBDC2707E7AC5AFE266BF6DBAA21D8B97E872E8B57DCBAA7FEA4BEA07A700408000000000000022CA7A424FF002CBE4C948737F773FD13F9303C83BFBD272E7BD294B5EFD5EBA9322D30FECC7C97C8BC448106E7F89AF634BDEBFB44CC8DBE204F19124196F1912D72212BA815588F903EC8943ACE6EDDDFE8F4A4DFAD2C7B7164F5FBFBAEBD3E471DC55C0D9ABDA09EC7CBC76FD68DD8B3873E53B23AFF0044FDE6B94AE040BAC7B77250B3F04E13D7F4C93FA1D2FAE0DA3BCF1A84FEE4B226BF5E9187F4CFDE72E92F55AF06673A41B57F6AB15BC7455535AD7F24127F1D5FB49189990489E4C824C086C659E3BD1BF16FE05D5C63E1C27E0F8FB484B314B278CCB6A09C942E3D216964F46A5F85A7EEE249A96F93C9F9303D59832D6B83EF841FFA51396DB37F735FFE3AFF00A51724000000000000010E5AD6B9AEF8CBE4C98F925AAD3BF801E3BAABDCF51F38EB17E6B87D0B944DB7715D3979153E70BAE5EC736D7C1A21892299104DF15ED2E2459BD5CB7BB35D10171124891A2B89095E56C90B7AA44E98421C99C942514FD59386F2EFD1EA8AEB5C0F96C754D1557F65015E9C0959423EB648A64C8CAA4C38F02058E5B7A68BB4B351D2515DDC0C95912C6D5EB47CC984B25493A21A9130407C55EF4A31FC528C7DED2FA9F4C9745B13D366E355F8AEADBF28BDE6FE007A57121BB0847F0C62BDC91280400000000000000000F3875C5B33F67DA764D2F572630BD3EF93F565F189A8C0EF1D757461E5E2C72AA8B77E1B94B44B8CA8969E9178B5A464BC9F79C12A96A04928EA417AD12F345C96F99F65F869C57324548FA88AAB75E0F9F7AE4FC49484A48C8BA8B2C913D12EC02691F2A7CD789F59427A4978F0084ED9F1B3E37C4F8D81F62B5656CA608A992229A2C3223C62FC4C8C916B951E1AF734FE2205C409532083244C0ACDE3A9AD9EEDDA0EED3D5C6AA52D7F3D9EA457BB7DFF0009A2CA5A1DCBA9DD8AF1F09DD35A59972F4BA3E6AB4B4AD7CE5FC406F8002000000000000000007C6B5E0F93E0D338E74E7AA59B9CB27676EB8CDB94F164F46A4F8BF472EEE7C19D9001E4DCFD9B918CDAC8A6DA9AE7E92128C7D92E4FD8CB0B6516B9AF7A3D8128A7CD27E6883F61A79FA2AB5FFC70FF00803C870AB4E1D9D84A91E92DBBD5CECCCB6E52A15563D5BB319FA26DF7B8AF55BF16B5343DAFD4BDD1D5E2E4C26BB21745C25FCCB5412E54915C781B26D0EAFF006AD1F6B16734BEF52E36AF72F5BE060B270EDA7F7D55B5E9CFD3553ABFA9202A4CA2C5F068F95C97634FDA5610FA8FA52E497321AEFDF96EC3D697E187AD2F72E205CEF0DE2FB0FA39B46EFDD61E5BD796F533AD3F273D17B4D9766F555B52DD1D8A8A62FF001CF7E4BCE31FF909697A91D9172F5229B94B846314E526FB124B8B6766D93D4EE3C747957DB63ED8549551F7F17A7B8DE762F46B0B0D698D8F541F273D37AC7E764B593F6B03CD5FFE5654783C6CA4FB9E35C9FC6264307A2FB42E69578993C7F1D52AD7BE7A1E9BD004392744BAA896FC6EDA128EEC5A92C6ADEBBCD72DF9777823AD46292492492E0925A24BB91F4000000000000000000000000000000000023B00039474CFED4FCE3FD472CC9FB72F37F3000D93A29F77F8FE4CEDBD15FDCAF3FF006C40033A0000000000000000000000000003FFD9, 'Authorized');
INSERT INTO `request` VALUES ('1', 'Rajesh', 'Granted');
INSERT INTO `request` VALUES ('2', 'Hari', 'Granted');
INSERT INTO `request1` VALUES ('1', 'Manjunath', 'Granted');
INSERT INTO `request1` VALUES ('2', 'Arjun', 'Granted');
INSERT INTO `results` VALUES ('Java.txt', '738', '1024');
INSERT INTO `results` VALUES ('Bigdata.txt', '469', '0');
INSERT INTO `results` VALUES ('Dotnet.txt', '258', '3072');
INSERT INTO `results` VALUES ('Python.txt', '438', '0');
INSERT INTO `search` VALUES ('1', 'Rajesh', 'java', '02/10/2018   16:40:30');
INSERT INTO `search` VALUES ('2', 'Hari', 'Java', '02/10/2018   17:51:26');
INSERT INTO `search` VALUES ('3', 'Hari', 'Python', '02/10/2018   17:51:40');
INSERT INTO `searchhistory` VALUES ('1', 'Rajesh', 'java', 'Java.txt', '02/10/2018   16:40:30');
INSERT INTO `searchhistory` VALUES ('2', 'Hari', 'Java', 'Java.txt', '02/10/2018   17:51:26');
INSERT INTO `searchhistory` VALUES ('3', 'Hari', 'Python', 'Python.txt', '02/10/2018   17:51:40');
INSERT INTO `searchratio` VALUES ('1', 'Rajesh', 'java', '1', '1', '02/10/2018   16:40:30');
INSERT INTO `searchratio` VALUES ('2', 'Hari', 'Java', '4', '1', '02/10/2018   17:51:26');
INSERT INTO `searchratio` VALUES ('3', 'Hari', 'Python', '4', '1', '02/10/2018   17:51:40');
INSERT INTO `sta` VALUES ('sta', 'sta');
INSERT INTO `transaction` VALUES ('1', 'Manjunath', 'Java.txt', 'Upload', '02/10/2018   16:39:57');
INSERT INTO `transaction` VALUES ('2', 'Rajesh', 'java', 'Search', '02/10/2018   16:40:30');
INSERT INTO `transaction` VALUES ('3', 'Rajesh', 'Java.txt', 'Download', '02/10/2018   16:40:38');
INSERT INTO `transaction` VALUES ('4', 'Manjunath', 'Bigdata.txt', 'Upload', '02/10/2018   17:21:18');
INSERT INTO `transaction` VALUES ('5', 'Manjunath', 'Dotnet.txt', 'Upload', '02/10/2018   17:21:49');
INSERT INTO `transaction` VALUES ('6', 'Arjun', 'Python.txt', 'Upload', '02/10/2018   17:47:34');
INSERT INTO `transaction` VALUES ('7', 'Hari', 'Java', 'Search', '02/10/2018   17:51:26');
INSERT INTO `transaction` VALUES ('8', 'Hari', 'Python', 'Search', '02/10/2018   17:51:40');
INSERT INTO `transaction` VALUES ('9', 'Hari', 'Python.txt', 'Download', '02/10/2018   17:51:47');
INSERT INTO `user` VALUES ('4', 'Rajesh', 'Rajesh', 'Rajesh.123@gmail.com', '9535866270', '#8948,Vijayanagar,Bangalore-40', '05/06/1987', 'Male', '560040', 'Bangalore', 0x89504E470D0A1A0A0000000D49484452000000780000007808030000000EBAC6E000000066504C5445FFFFFF252525FEFEFE0000002222220D0D0D1313130808081D1D1D101010BBBBBB191919E5E5E5F9F9F9DCDCDCF6F6F6D5D5D5A3A3A39A9A9A6767675A5A5AADADAD707070ECECECC1C1C13030304A4A4A3D3D3D8D8D8D868686B5B5B55252527C7C7CCACACAFF9A7B8A000004F3494441546881ED5B897AAA3A10862490B02808C82688BEFF4B1E9045AC6499107ACF77EFFD6B2B2DD49F99CC921912CBFA9B815E5FD3DB78805E7F1E8FA653AFD7728D01D637D6C79B785F609AD85A3EFFEB265E5A789F3601F4718CC6BBB1AC996CD63B9A556D46D3FF634211DFAF97CBF51E17BF48FA4C3ADCC3E931BC77C9F33758E396608FD92B300F93363E98F699391EB1BF403C273B52EC734A836FD611014DCF07D19E12D7E5D10E70DDE474046FD86111ED00DC85E6796397ABE595BE5DE34656E20D9BFA06C1A559DEBB54CD8BBAEF26794B65DE9ED9A0CCF196EF72B5ED191BE7E2C6E47C6FB09BA9F89D3B105EDB767233BC3E60804760DF04EFA9020CF008529908610985F2DA364DF6F39EC08A1E80F78B7C015AD608E7B29B9880477800217B79632D4DF7BADE1B451A610AE6C36D7612C37D6904A9F6F1169A9AEE75BD2F6EC2A3D642BC2F7AE90EB1D2208B4ABB5C61BEB38D409029D054F8F18951064A886BB04CF0B1C892309F6E9A46DD9BF58D1B35115A4A5D1E225D6F1AFC2912482C633E8C78A2E7AB7A0F313F41C9253E668C1524469DBE557722AB4612E243FD5888C6D325F604916BF66301F131B15A41D5876627611FEE907C3CBB93E8AE5A4DEB0A5AA1AC13BD80FA8839175208D6C7CC32E569D13A645EAD2671E46A884C5C7E86B054F2F180444364475C3BC963F54B6458593E80DD8402BF99C55799AF8F958CAB470E0CD89EA42380969029218E2A580F4430F758132B30C76ADDB51144A15E5332AE0186FB5C8B3B49AF04189842E982D4FC786656EC652A944C48211FBF511295EE2D51E9278224B6ACB0A612A109ADD5FAD580317E5D9760A1D0014ED43E09A94C043E70CE30D7A319CE549F4920B558FD8138C35BD98AB83803745B40C635236C2AECB01539610EAE1AD0C308A57CBC5CDC3EA679E3294ED20A2FA8D2249EAA95E2D1AA7D1680B7A8A9535D96296B14C6FEB5871F874B602E2E95436B859E8BDA0C6444C982213A540957A561520D3126602A1153D59D4EED14B708A5F93DFABA1E45F79C4E5E4E702B6DA0AA5A7558AF2235C3386BCA70F91714964D86D76E86A5614451629FFE705EE60E3655A7799ED68395B93FCF53D51988B896D84E0F84BDB01D45B1B88E58229780F8946934E86D9B66C281964F40A25AB340F66A69D34784A2D66F29F23D5A3ED98B3AED86402F73279079BA01DEE95C6B7C67D05CA2512E71A2DD0E188139858C4CD567AD3A710D673B43CB6275A7DD6A9A1174221DF3242E770DF008BA99312412D7DA4DBD37580D97F8BCD3B24670CA1911B3FED38835369F4C88F3B1ADDDB75D83D8DB02F3C758BFA5F789CD069F2856ABAFBF901043576798196259876F03FACF7D3EC13220B121817BBB86F1468686B81F644943E4074273C4B09556BA4DDB0D62D8A37348B745420C5B7364CA8DC18E7C35477C05115F0C24E31114B622E4BF47FC8F59B5DED2A24D62E072A3BD73EA8517BCC0AADB3DAB1EE07026B822A40664C6299CB7B76CBC3337BA408B5E10E614B220F313C4C30FFD25C0E7D6C69C6E83989561BBDDB7DCBAB867F666FB52C0EA623BBB1B58141AFA8F8A614F4572C23CCCAA876F6E99F5D96F6B46A9E3061C7A12B80EA5AC6E7DF30BDA51F8BC36E96DEA9D52E7053AFD7A4B9BEB33943655F6210AE372D89E31E07A2F577DD47F1F7E7B5B0F9A39A7FD5B13FFB401EA6387D7B8FFC8C80D6E6EE0E2E0881D5ECBAE2EEBE306ACF581657687175A546CAD0956DFF3CB7AFFFC7BF107C11F3E2CF4BA9E920000000049454E44AE426082, 'Authorized');
INSERT INTO `user` VALUES ('5', 'Abinay', 'Abinay', 'abinay.123@gmail.com', '9535866270', '#8928,3rd cross,Malleshwaram,Bangalore', '05/06/1987', 'Male', '560019', 'Bangalore', 0x89504E470D0A1A0A0000000D49484452000000780000007808030000000EBAC6E000000066504C5445000000FFFFFFB9B9B9F0F0F0FCFCFC6E6E6E222222E9E9E9F3F3F3979797DFDFDFF6F6F6B3B3B3C2C2C2656565E6E6E6CACACA7373735353535959599D9D9DABABAB484848D2D2D23F3F3F8888882727274E4E4E1111111717170808085F5F5F3636368080804A918D9200000422494441546881ED9BDB9AA2300C8023051514114754C003BCFF4BAE8EB2D292F444D4B9F0BFDC4FFCB7B5A46D9281893B495AB4353CA8DB224D3CBE041C3F9F2D574718705C2DB3578A457A41AC0FF725152F128BB8A2AC77AAD8416D2D16F154AFBD31B557DB8A97E41C2B33BE6415EF7776DA1BBB3D9FB8B0D7DE2898C48B1F372FC0CF82432C0C6B19A332AF31A3786FB198874C8D3FB449BCF7D1DE30990D626FAFD1AC170BAF79BE33D5FFCE5AF1BCF1F70234736F7134C60B10F98AE3715E80D84F3C62617568169846EC109F29763EE2E5782F00BD5791E2F989437C225736292E39BC00A5AB38E4F102848EE2D1AF5207F54A1162B601934326C4299F387512AFF8C42B17B1E0F302E0BB142E66091E1D7810C1C539A738B7178FDB8755F07D1915279C5E00F4168B8AD7BCE2B5B598294E77A0F11A15B3AE2D6275A162E73B8B9E1F5B71B8E1156FB0708D89339633C09313961FC1C4B311C7788CE9EC2BFE8A3BB85F27CCF1A702C8E742E6C736898F6D8B1F3B082C0E9CDE039A6EFB5B87BDCF1D6F3F76A0EFE77B5669E04CDABB0211B91F421C3C1F9C52375C0D612FDA074EE2496FAAC84B3D4D3F025102E2DFB7BD47ED52EE3DFA89AAADA3B87F336F2CF2DE7D164DEF61D75484948B20AEB814FDCB3599DC23C50BB0791C434A9F90934527D8A40A886D5167A2041FBA2E629B524477180C6967F34A292A49546A752A6CA587FC92A8CA97B436DED6FA3FAB4D94CBB99FC658264E1AE901EDCBA015ABFB72AC7DA1174A3610DF87ADC4934429653644E0BD11C8C385A37E820CE51FD50C8702DDE544A11E5A0C5E63C16B78FCAAA27426C5C1709646C332A06941184B7CC979F09DD7237A5E04627E4504458E1DFFCFC685682E6A2A4BD50AF30B6055C6752E3F452C65DCC9C70AD75792DAACEBA8EDDA516C9B13AC076D355C07F1449416B9A053C9DE8E7165561A3205D312BBFA8F175FD5E9057BAB7F395F5207AD4F935184351945AF6D327A902CB7F9FF919FF3EDF21D6D553D42213C2E190CE2717CC55FF12F73A7D51B6AFB3FECC5595C43A539E4A90415D4B1399C18C4227E6C0DA7ADD5A8E7DD11F764EADED38AF752DAA9DD1BDCE15AFA7CAEBDD06BC4EB41F6B86A03721C22680747CD8DE6AA478A13FCA455D5F13A9143652892755CE37D6E1119C6A91E812DFA3D0F9A4D9497F7C45299479B46F7596A6DE0E284A1DDA663870F1A15B366148974022666CE93E3993244CCD811D181DC948762C69FF7C930193210BF60BC37066356C4217301E6491E6AC56CBD4543629D38303FEF4F408BB3577A01324A1C3ADC097DA84342EC780D76A7C0C533CB36797F8E33543CB2E1D586081333349E9AD92362D6B21EC5612866AEA052AC07E217C56895952A662DEAE9C814716B7E848756163336809A0825316303A8895412BF217874447DF1DB96D60DD113BF71A6BBB98677CF7437D7BF629F3FF0F1E7FEA741FF003B3B3706917081010000000049454E44AE426082, 'Authorized');
INSERT INTO `user` VALUES ('6', 'tmksmanju', 'tmksmanju', 'tmksmanju13@gmail.com', '9535866270', '#9838,Ramamurthinagar,Bangalore-16', '05/06/1987', 'Male', '560016', 'Bangalore', 0xFFD8FFE000104A46494600010100000100010000FFDB008400090607080706090807080A0A090B0D160F0D0C0C0D1B14151016201D2222201D1F1F2428342C242631271F1F2D3D2D3135373A3A3A232B3F443F384334393A37010A0A0A0D0C0D1A0F0F1A37251F253737373737373737373737373737373737373737373737373737373737373737373737373737373737373737373737373737FFC00011080079007903012200021101031101FFC4001C0000010501010100000000000000000000000304050607010208FFC4003D1000010401010407050408070000000000010002030411050612213113415161718191222342A1C10732B1D1142433526272B2F043538292A2C2E1FFC4001A010101000301010000000000000000000000040103050206FFC40020110100030002030003010000000000000000010203113104122122327113FFDA000C03010002110311003F00DC508420130D4B56A7A7347E9127BC232D898379CEF2FAF249EBFA83B4EA0E922DDE99E77220E3800F69EE0324F82A10D6F4D8E6708A3B3AC5E7717BD8DCB49F13CC7963B14FB6DE9F21BF2CBDFECF49DB7B4F7A624548E3ACCED78DF7FE43E6A1AEEA975C099750B4E3DD26E7F4E12736D0DC683BDA0CD1B3CF87FC545D8D5295E05A5A607F691F92E7DF6B4CFECBA99563AA92B5AC5B85C5D15EB4D3DA2C3FF34F343DBDD6609BA295ADBF172F7A70E6FF00A80FC415577433D9B6E8003EC9C1C75AB0D0A30D0803A41ED762F51ACD3A962728B770D2F42DA2ABABFBADC7D7B41BBC60971923B5A7911FD9532B0FBFAF4952CD7BF54E24AB2070FA8F3048F35B5549D96AB45622398E5635ED3DC4642BBC7D674AFDED16F9452DF3A2C842150D0108420108420108420CE7ED75D238E970373B8E73CE3BF829ED1F49834CA3157AF186E1A37DD8E2E77593DA95DB7D18EADA6B248B1D3D4789999EB03EF0F4FC14AC7187372143AE536D279574D38CE20C1F128FBBA7D5B23F58AF1C9DEE6F1F55392B004CA61CD49AE5C37677E55697672A440BAA3E7AF2730E6499E3E079AACED4EA33910C53002D33799216700E031877982B4194702B3ADB8606EAAD70E6E8867D4A9F3B4C5B851DAB05CE7B65613CC656F5B07299B63B477939FD558DF418FA2C11A7DB7FF295BCEC030B36334707AEAB5DEBC7EABA9E2F687C9E9604210AD48108420108420108420F12B77D8E69F881098559BDC333CF746548950929E8679A3EA0F24781E3F5537916F4E2CDD947B730752C80A653390E953791F95CED75E55D33E094C78155AD6E853B52F4D622DF7B5BBA32E2063C94F599006955ED52C00D7127000393D8A29B71F615D2BCF6A2EB351B5F5035E935C4CED688D84E4EF38E30BE82D1E98D3B4AA749BCABC0C8BFDA005977D9BE8526B5AF3B686DB1C29D6791583BE37818CF8373EBE0B5C0BBBE2526B4E6DDB99E55E2D7E21D4210AA4C108420108420108420E1511ADC658F8E71C9DEC3BF11F55309BDE8A29AAC91CE43632DE2E271BBDEB56F9FFA67357BCEFE9689568CA3B5212D800734C6C4B23247B03DAF0D380F0701DE194D247C8EE0F9638FC5C09F40BE7AD16ACF130EC562B31CC14B96F390DC927900A1A68D96B58A7A759F6E3B13C714CD071ECB880464771C252DDE15DA5B543BA43FE2BF98F01D4A084D2C56A3B113C8963787B5FCF0E0720ACE75F6D2B0F77FC693FC6EB4EB434EB475AB44C8A189BBAC63060340EA096542D9FF00B42865732BEBAC15DE795967ECCFF30F87E63C15EE3919246D9237B5CC70CB5CD390476AFA5705E908420108420108420108495B9D956B4B3C9F7636971EFC206DA96A51D21B807493B865B18ECED27A82AD5EB166DB89B12170EA60E0D1E013A682EDE9263999E779E7BFF2EA4DA6C7140C6A5810EAD5EB3C6F47658F6B8119E23047F7DEA42CD7858C76E431B73CF0D0145D76F49B5141BCF7637BB1E602BBBF4CAB21CB9878F30090145E578D6D679AA9C368CFE4B3E934576A33F4552176FF006B7801E2A3F54D1E1A967F468250F310DD9653F13FAC01D8392D2358B7168FA638C0D631EEF6636818E27AFC9676F249249249E249EB59F1BC3AE3F94FD9676F2ADA47AF508A928438C3CBF1DA31C13FD1357D4766A41FA2CA6CD0272FAF272F169F84FCBB5273A67D2EE1DD77DC2AC4AD7F44D669EB55458A52640E0F63B83987B08522B10A7A858D0B518F50A44E01C491E783DBD87E9D856CFA7DC8750A305BACEDE8A6607B4F71FAA070842100842100A1F69E5DCA5145FE6CED07C065DFF5530AB3B5F2EED8A2CEE91DE9BA3EA81989B87348C926535E957974A814D1474BB5ACFE0AC3E6E77E4AFCE706B4B9C7000C927A9517649BD26D0D993F763637EBF5533B5FA97415C5289DEF25197E3A9BD9E682BBAFEA6752BA5ED3EE59ECC63BBB7CD45397A2526F38081ACE5474E79A7B3B9474EE41D77BCAA47710AF5F64DAA9974DB5A748E24D6787B01EA6BFABD41F554085D98DE3B0A93FB37B66B6D598B7B0D9E07C78CF5821C3F03EA83690F05743826EC8E5201C01E6946C4EEB23C902D942F2D6E17A402AA6DB31ED968D8C7BB01F113D8E76E91FD255AD256EB436EBC95EC46D9229061CD77228336E9170C89FEB1A05CD2CB9F087DAA63887B465F18FE2039F88F350E246BC65AE047682827364268EBCDA9DC94E191919F268E0A2AF5B92E5A92C4A7DA91D9C760EA0918E7732AC900386C92EFBBBF03804997610749C734DA69176591339A4409CCF4C277F34B4D226133F9A052BBF8BC782F5B333743B5F4883CE623D5A535ACFF78F1DCBBA1B64976B29B606191E25DEDD68C9C008371D3B502D9191125CD71C63B14E286D174B7D7027B58337C2CCFDCFFD53280421080421080C287D5366F4ED41C6531BA09CF39603BA4F88E47CC298420A05FD92D52BE5D55D15B675069E8DFE8787CD57EDD7B958E2CD3B3111FBD0BB1EB8C7CD6BEB9D45061D2D86F2DE19ECCA6925861F8DBEAB65D45420FDA0F14195492877DD39F05E5B4351B4715A85B989FDC81C7E8B73D3BEE852C3904187E8FF0067DB47A84BEFA11A7C0EE0E967209C77301CFAE16A3B2BB25A6ECCC27F4463A4B327ED6CCB82F777770EE1F3560420108420108420FFD9, 'Authorized');
INSERT INTO `user` VALUES ('7', 'Hari', 'Hari', 'tmksmanju11@gmail.com', '9535866270', '#2872,4th Block,Vijayanagar', '05/06/1989', 'Male', '560021', 'Bangalore', 0xFFD8FFE000104A46494600010100000100010000FFDB0084000906071013101513131015101517171517151517150F1F1A121A1F15161615171815181D2820181A251B151521312225292B2E2F2E171F3338332D37282D2E2B010A0A0A0505050E05050E2B1913192B2B2B2B2B2B2B2B2B2B2B2B2B2B2B2B2B2B2B2B2B2B2B2B2B2B2B2B2B2B2B2B2B2B2B2B2B2B2B2B2B2B2B2B2B2B2B2B2B2BFFC000110800E100E103012200021101031101FFC4001C0001000202030100000000000000000000000107060802040503FFC40045100001020304080304080305090000000001000203113104216171050607124151B1F1138191223242A114235262728292C133A2F0257374B3C224343563B2C3D1D2E1FFC40014010100000000000000000000000000000000FFC40014110100000000000000000000000000000000FFDA000C03010002110311003F00BBD27C90F25180EC8249E03B213C38A8A5C129894124CB1284C94531294BCD504CE5549F12A313D93128241E26E5E569ED64B258D9BF688CD873F75957BFF0B05E73A73588ED0F68ADB29367B36EC4B47C4E37B60663E289F7682A791A56DB6B891623A24588E8AF77BCF71249F3E585020B2F4E6D8A2B896D92CED86DE0F8BED38FE469937D4AC33486BA6938D3DFB6C500F086EF0C65F5725E0A20FB46B5C57FBF15EFFC4F79EA57CD911C2F0E2DC891D171441E9D8F58ADD08CE1DB23B30F16291FA4991F4594E88DABE91852117C3B5378EFB435DE4F65C3CDA560688360B56769161B510C2E3668A6E10E290038F2644F74E46470598CE555A9642CF751768F1ACAE6C2B41747B3D01332F8039B4D5CDFBA6FE54910BDE7C4A03C4DCBE363B4C38AC6C563C3D8E01CC734CC1068415F5ADE688241F24067975515CBAA572EA82419E493E4A2B704C0764124F01D909E01452E094C4A0927CCA99AE34C4A90255AA0952A14A0E24F01D9452E0A49E55514C4A0531294C4A531294BCD502979AA627B2627B26250312B0DDA6EB69B159836199478B310A9F5607BD148C2600C48E456642FC96B86D0F4C9B56918CFDE9B18EF0A1F20D64C5D9BB7DDF99063AE7124924924924924924DE4926A66A111011110111101111011110581B26D6D3678E2CB15DF5115D264CDD0A21374B935C6E2399079ABCAB9755A9A56CAEA3E9836BB0408C4CDC5BBB10F37B7D97FA913F341EED72EA95B8256E0980EC8180EC94B8252E094C4A0531294C4A531294BCD502979AA90389ECA313D9481C4A0952A26A50712659A8A6254932514BCD7FAB902979AA627B2627B26250073295C92B92572EA83A5A72D9E15963C6A0870A23F3DD6177ECB56463795B25B42892D176B953C178F5BBF75ADC808AE4D99EA141FA30B45AA0B633E3366D8711A0B614337B4EE9F8DC2467C0102EBE7DFD3BB27B04599805F647FDD25CCF3638CC7E52105188B23D68D4AB6D86662C3DF85C23439967E6E2CF3BB912B1C4045ED6A8E87836BB48B3C48CE80E783E13C34386F8BF75CD245403291178C57B1AC1B34D236605CD60B5431F142997018C23ED7E9DE418EE8281657C60CB4C57C086EBBC568690C3C0BC1F839914CA6B3FB6EC6E306EF40B6C389C407B1CD98FC6D73A7E8AB02ADFD8DEB5178FA0C674CB01759C9E2D1EF43FCB5184FECA0ADF4FEACDB2C67FDA20398D2642209163B278BA78191C1790B6BE3C16C4696BDA1EC2245AE00870E441A854FEBF6CCCC30EB4585A5CC17BE05E4B39985C5CDFBB5E53A00AC15C7B09B61759ED3067EE44644C83D85B779C22A9B0AD1D83B8F8F6B1CE1C13E8E89FF00B20B8B01D929704A5C1298940A62529894A6252979AFF572052F354C4F64C4F64C4F640C4F6522FBD456F34522FCBAA0E5344441C4DD7A8C4F652799518940C4A5724AE495CBAA0572EA95CBAA572EA980418FED084F45DAC0E105E7D04FF65AEFA26CED8968830DDEEBE2C263B27446B4FC8AD96D66B378962B4C21F1C08CDCA70DC3D6F5AD3A1A36EDA203FECC584EF488D77EC836A000048097EC94C4A9A66A2989410F6891046F4EE20F1C25C9559AF7B2E690E8F61686BAAEB3896EBB9F85F64FDDA1E12E36A52F354C4F641AAD60B43A0478712F6BA1446BA44105A5AF04820D0DD292DA91CCAC0B681B3E65B1C2D104361C7DE6F88282332601279440DA1E3291E0467A07A70418A6B86A1D96DC0BE5E04797B315A07B5FDE37E31F31CD5276CB0DAF45DB61988CDD890DC2231C27BB14037EEBB8B489822BED48C96CBD72EABCAD64D0102DD00C18CD98AB5E25BD0DDC1CC3C0FC8D0A0F42C7696C586C88C3363DAD734F304023E457D700BC4D4DD1F1ECF6287678C439D04BE187B68F6071F088E5EC1682381057B780EC828EDB36858102D50A24266E18ED88E88D1EEEF34B7DA03813BC6794EB39F7F60ED3E35ACFDC823D5D13FF000BE7B75883E956667D984F3FA9E07FA17A5B07812876B89C5CF84CFD2D7BBFEEA0B529894A62529894A5E6A814BCD5313D9313D9313D90313D92B79A256F344AE5D502B9755339E5D54572EAA67C907245125283891C4A8AE4A48515CBAA0572EA95CBAA572EA98040C02603B2603B252E08308D7ADA142B0441676C1FA4452DDE78DEDD6C30693748CDC6B2952FE227453AC517C2F144278853DD11375FB80D0377E529CEECD7AFB428AE3A4AD8E35115C3C9A035BF2016C259F4540FA1B6CDE1874230843DC95C5BBB2FFECF9DE83EBA1AD822D9A0C617F8B0A1BC63BCC0EFDD772979AAF13536CAE81646D9DE779D01CF820FDA6071304E6613A19F35EDE27B20627B262531295BCD102B79A2572EA95CBAA572EA815CBAA56E09804C07640C0764A5C12970534CD050DB536C4B4E987C2830DF19D0E1C366EB1AE71F77C471937FBD17AE7B3DD7D87A3D86044B312C7452F89103BDA6121ACFE1917C832F139D6EE0AD3D50D162188D6A70062DAA2BE2CE57885BC459D99087BA4E2E2AA3DB05958CD28FDD006FC38711F2FB4779A4F98683E682FC8511A5A1C0870700411420DE2582E589ECB1ED9E452ED1564738CC8841BE40968F900B21C4F640C4F64ADE6895BCD12B97540AE5D52B9754AE5D52B7040ADC14CF805180ECA7008264A542941C489E5D54572EAA4DF928C020601301D9301D9297040A5C129894A625298941AF9B58D1C616948A48BA2B5915B8CDBB8EFE663BD42B8B67FA5DB69D1D0224E6F6B44389CC3D9EC9BB84E41D9382F236AFAACEB5D944586DDE8F066E6B456230FBEC0389B838652E2AAED41D717E8F8C6637E04423C565F36F0F11BF780E1C45DCA41B0ED86012EE2653F497ACA5E8B96257186F0E01E082D201691420DE0AE55BCD102B79A2572EA95CBAA572EA815CBAA56E095B82603B20603B252E094B825312814C4A8736E22B3534C4A52F35406B4347C80E802D6BD7CD2C2D5A463C567B4DDEDC872BF79AC0180895664123F12B2B6B1AE8E800D8E0DD15EC9C57CFF84C74C06B7EFB84EFE03304621B27D56369B50B43DBF5101C1D3347C417B1839C8C9C72038A0BA356F477D1EC70209AC384C69CC346F1F59AF46B79A256F344AE5D502B9754AE5D52B9754ADC102B704C0764C0764C02060148BAEE2A2970BCA91766839228528389E4A301D9493C076514B82052E094C4A531294C4A0531294BCD52979AA627B20627B2A376C7ABDE05AC5A58DDD8768F7801736281ED65BC24ECC38ABCB12BC4D72D022DD638904C83A5BD089F8620BDA723783838A0C7B63DA77E9161F01EE9BECD264B9C333F08E4002DFC8B3CAE5D56B7EA4E9B7582DED7C405AD99856869F85BBD274C736B803F948E2B63C3B785C66398E3960826B975437DC12B704C07640C0764A5C129704A625029894A62529894A5E6A814BCD57C2DD6B64184F8D10EEB58D739C7900267CD7DF13D955BB6BD62DD86CB130FB4F9448D2E0C07D869FC4E13C9839A0AD62BA3E91B7923F8B698B77DC04C87E56300F262D92D13A3A1C0830E0C36EEB21B435A39C87BC7993527995586C4F56FDFB744175F0E04FD223FE5BA327AB66B97540AE5D52B9754AE5D52B7040ADC1301D9301D930081804A5C2A94B855298940A6254812AD5452F355207128254A85283893C028A625493EAA298940A6252979AA52F354C4F640C4F64C4A6252B79A2056F344AE5D52B9754AE5D50539B64D56DC89F4E84DF61E436381F0BE8D8993AE69C65CD7B7B1FD6BF1A0FD0A2BA512137EA893FC4842EDD18B2E194B91561DAECCC8AC7427B43D8E05AF69A38112216BEEB76AEDA3455B1AF84F7066F6F59E30A823E071A6F81711470F300361F01D9297058A6A2EBBC1B7C30DBA15A5A3DB853F7B9BE1CFDE6E151C781395D312814C4A531294C4A52F3540A5E6A989EC989ECBA9A534941B3C27468F104263789F9002AE71E005E507C358B4CC2B2599F688B460F65B74DEE3EEB0624FA5782A0345D8AD1A5B48999F6E2B8BE2BC521304812306B775AD1F842EDEB86B2DA34ADAD8C86C76E6F6ED9E08A926AF770DE23C9A3CC9B7F507549960B3EE993A33E4E8CF1C4F0637EE36665CCCCF1920C8347D8A1C284C850DBB90E1B4358DC0090FEB8AFBD72EA95CBAA56E0815B82603B2603B2601030094B8552970AA5312814C4A52F354A5E6A98940C4A90389ECA313D948BEF413352A26A5071264A2979AA9375EA313D90313D93129894ADE68815BCD12B9754AE5D52B97540AE5D52B704ADC1301D90301D974F4BE8B836982E811A1888C70BC1E1C9C0D43870217729704A6250503ADFA876BD1F13C6825F160B4EF3633261F0654DF0DBDA7EF8BB2A2F4357B6B76B84036D10DB6B6FDB0772279900B5DE83357753127E6B11D3DB38D1D6925E611B3C4357C121B338B24584E329E283CEB1ED7346B84DED8F08F19C36996458E2BECFDABE8B1787C579E4213FF00D520B1BB66C61E2F876E6CB93E119FEA6BAFF45F187B19B47C56D84D1CC4279F917041DCD2FB646C88B359093C1D19C0018EE3092EFD4160EF89A4F4BDA00F6AD0E1C2E6C2800F13F0B04B8FBC65C4AB2F446C86C4C3BD1E2C5B4FDD9EE37D1BED7F32CF347D820C16087061320C3146B1A00CE410635A89A8D06C0DDF27C58EE127C59507D8863E16E353C780196D72EA95CBAA56E0815B82603B2603B2601030094B8552970AA5312814C4A52F354A5E6A98940C4A627B2627B256F2815BCA917E5D54572EAA673CBAA0E48888389E654625491C4A8ADE68815BCD12B9754AE5D5439D8C80A9FEB8209AE5D52B7058AE9BDA268CB3CDBF48F19C3E18237CE5BC3D90732B07D2DB638C662CD656421C1D15C5CEFD0D9007CCA0B8B01D9791A635A6C365BA35AA1B1C3E19EF3FF4366EF92D7FD2DADDA42D13116D710B4FC0C3B8DC8B592DE19CD786020BDF476D3ECD1ED90ACD020C47088F2D315E5AD03D973816B2F26F005FBB559E5312B56F415BFC0B5418FC21C563CFE10E05DFCB35B48D22539CE74971E5240A5E6A989EC989EC989EC8189EC95BCD12B79A2572EA815CBAA572EA95CBAA56E0815B82C6F5DF5B9BA39909C6118A223CB086B802D01A5D3131226975D5AAC9301D9539B74B7831ECF6707F86C7C4766F21ADF394377AA0CDF436D1B46470008FF4771F8638DC97E7BD84E4E2B2A8711A5A0B48783420820E330B53D76F46E93B459DDBD023C4806A771EE00E605CEF341B4F4C4A52F35544E88DAC69185211443B50FBCDDD79FCECBBF94ACDB42ED6AC114811DB12CAEE646FB064F65FE65A10581894C4F65D6D1DA4204767890A3323379B1CD7019CB8AECD6F2815BCA572EA95CBAA572EA815CBAA99F2515B8514CF8041CA48A24A5071217088F00173886B40992480242A49340A2D319AC639EF7063180B9C4D0002649C000B5FF5EF5EE35BDE58C2615981F661D0C4E4E89CCFDDA0C4DE833AD6BDACC0853876368B4BA9E2198843295F13CA431556E9ED66B6DB0FFB44773DBC218F6618E5F562E39999C57908808888088880AFBD936B1B6D362109EEFAEB380C703573290DF8DC374E2DC5508BD1D5ED351AC768647827DA6DC41A4469F798EC0FC8807820DA1C4F64ADE68BC6D56D65B3DBE0F8B09D7896FC332DE84793872E46857B35CBAA0572EA95CBAA572EA95B82056E0980EC980ECB8478CD634B9CE0C6B412E738801A054926883E76FB6438309F11EE0C631A5CF71E00099389C16B2EB169675AED516D0EB8C474C0FB2D00358DF26803D5657B4BD79FA63BE8F009166699B9D783687037197060341C4DFC9606808888088883ED63B5C484F11214474278F898E70394C70C1585AB7B5AB4C32196C60B4B3EDB435B106245CD7FF2E6556E88368741E9CB35B21F89678A2236EDE02E734FD9734DED39AF46B70A2D5AD11A563D96288D022186F1C451C3ECB9B473702B60B5175AD9A42CFBE1BE1C4610D8ACE0D32987379B5D7CB223820C8F01D94E0146014D2E412A5429415E6DA74D983626D9DA64EB43883CFC36C8BFD49637271546ACEB6CBA43C4D2661CEE830D8C97271FAC71F4734792C1501111011110111101111076746E918D678822C18AE84F14734FC88373860410AD0D01B60B832D900E3160CAFC5D0DC6EF2272553220D8CB26D074544175B61B39F89BEC230F6C05F78DAEDA2DA3FDFECFF96235DF26CD6B6220BC74BED6EC10C11676C4B53B81DD2C64F173C6F7A34AABF5A35CAD96E328AFDC8539882C986605DC5E73BAEB8058F220222202222022220222202CC3657A68D9B48B1A4C991FEA5DCA64FD51CF7E43F39587AE50E239A439A64E690E69E441983EA106D852E15522ECD75745DB1B160428ADBFC4631E3F3343BF75DA17668254A8528358B5CAD3E2691B5BFF00E7C568C9AE2C1F2685E3AEC69189BD1A2BBED4488EF5793FBAEBA0222202222022220222202222022220222202222022220222202222022220D89D97DAB7F44D99DC435F0FF4447B07C9A16540712B04D8C4507458FBB1628F521DFEA59D81C4F6412A51106A5B8CCCD42117A20222202222022220222202222022220222202222022220222202222022220BC761E7FB3A2616889FE5C12AC217DE557BB0F6FF006744FF001313FCB82AC2AE48266A51106A646F79D99EAB8A220222202222022220222202222022220222202222022220222202222022220BCF623FF0D7FF008889FF004435612220844441FFD9, 'Authorized');
